sra_accession,site_name,median_quality_score
SAMN54703710,"Boise RWF, ID",39
SAMN54703711,"Boise RWF, ID",39
SAMN54703712,"Boise RWF, ID",39
SAMN54703713,"Boise RWF, ID",39
SAMN54703714,"Boise RWF, ID",39
SAMN54703715,"Boise RWF, ID",39
SAMN54703716,"Boise RWF, ID",39
SAMN54703717,"Boise RWF, ID",39
SAMN54703718,"Boise RWF, ID",39
SAMN54703719,"Boise RWF, ID",39
SAMN54703720,"Boise RWF, ID",39
SAMN54703721,"Boise RWF, ID",39
SAMN54703722,"Boise RWF, ID",39
SAMN54703723,"Boise RWF, ID",39
SAMN54703724,"Boise RWF, ID",39
SAMN54703725,"Boise RWF, ID",39
SAMN54703726,"Boise RWF, ID",39
SAMN54703727,"Boise RWF, ID",39
SAMN54703728,"Boise RWF, ID",39
SAMN54703729,"Boise RWF, ID",39
SAMN54703730,"Boise RWF, ID",39
SAMN54703731,"Boise RWF, ID",39
SAMN54703732,"Boise RWF, ID",39
SAMN54703733,"Boise RWF, ID",39
SAMN54703734,"Boise RWF, ID",39
SAMN54703735,"Boise RWF, ID",39
SAMN54703736,"Boise RWF, ID",39
SAMN54703737,"Boise RWF, ID",39
SAMN54703738,"Boise RWF, ID",39
SAMN54703739,"Boise RWF, ID",39
SAMN54703740,"Boise RWF, ID",39
SAMN54703741,"Boise RWF, ID",39
SAMN54703742,"Boise RWF, ID",39
SAMN54703743,"Boise RWF, ID",39
SAMN54703744,"Boise RWF, ID",39
SAMN54703745,"Boise RWF, ID",39
SAMN54703746,"Boise RWF, ID",39
SAMN54703747,"Boise RWF, ID",39
SAMN54703748,"Boise RWF, ID",39
SAMN54703749,"Boise RWF, ID",39
SAMN54703750,"Boise RWF, ID",39
SAMN54703751,"Boise RWF, ID",39
SAMN54703752,"Boise RWF, ID",39
SAMN54703753,"Boise RWF, ID",39
SAMN54703754,"Boise RWF, ID",39
SAMN54703755,"Boise RWF, ID",39
SAMN54703756,"Boise RWF, ID",39
SAMN54703757,"Boise RWF, ID",39
SAMN54703758,"Boise RWF, ID",39
SAMN54703759,"Boise RWF, ID",39
SAMN54703760,"Boise RWF, ID",39
SAMN54703761,"Boise RWF, ID",39
SAMN54703762,"Boise RWF, ID",39
SAMN54703763,"Boise RWF, ID",39
SAMN55039079,"Boise RWF, ID",39
SAMN55039080,"Boise RWF, ID",39
SAMN55039081,"Boise RWF, ID",39
SAMN47830421,"Boston DITP North, MA",35
SAMN47830426,"Boston DITP North, MA",39
SAMN47830434,"Boston DITP North, MA",39
SAMN47830438,"Boston DITP North, MA",39
SAMN47830448,"Boston DITP North, MA",39
SAMN47830453,"Boston DITP North, MA",39
SAMN47830465,"Boston DITP North, MA",39
SAMN47830471,"Boston DITP North, MA",39
SAMN47830478,"Boston DITP North, MA",39
SAMN47830485,"Boston DITP North, MA",39
SAMN47830497,"Boston DITP North, MA",39
SAMN47830505,"Boston DITP North, MA",39
SAMN47830512,"Boston DITP North, MA",39
SAMN47830520,"Boston DITP North, MA",39
SAMN47830528,"Boston DITP North, MA",39
SAMN47830536,"Boston DITP North, MA",39
SAMN47830543,"Boston DITP North, MA",39
SAMN47830550,"Boston DITP North, MA",39
SAMN47830558,"Boston DITP North, MA",39
SAMN47830565,"Boston DITP North, MA",39
SAMN47830572,"Boston DITP North, MA",39
SAMN47830580,"Boston DITP North, MA",39
SAMN47830588,"Boston DITP North, MA",39
SAMN47830597,"Boston DITP North, MA",39
SAMN47830599,"Boston DITP North, MA",39
SAMN47830603,"Boston DITP North, MA",39
SAMN47830605,"Boston DITP North, MA",39
SAMN55014594,"Boston DITP North, MA",39
SAMN55014595,"Boston DITP North, MA",39
SAMN55014596,"Boston DITP North, MA",39
SAMN55014597,"Boston DITP North, MA",39
SAMN55014598,"Boston DITP North, MA",39
SAMN55014599,"Boston DITP North, MA",39
SAMN55014600,"Boston DITP North, MA",39
SAMN55014601,"Boston DITP North, MA",39
SAMN55014602,"Boston DITP North, MA",39
SAMN55014603,"Boston DITP North, MA",39
SAMN55014604,"Boston DITP North, MA",39
SAMN55014605,"Boston DITP North, MA",39
SAMN55014606,"Boston DITP North, MA",39
SAMN55014607,"Boston DITP North, MA",39
SAMN55014608,"Boston DITP North, MA",39
SAMN55951600,"Boston DITP North, MA",39
SAMN55951604,"Boston DITP North, MA",39
SAMN55951606,"Boston DITP North, MA",39
SAMN55951608,"Boston DITP North, MA",39
SAMN55951610,"Boston DITP North, MA",39
SAMN55951612,"Boston DITP North, MA",39
SAMN55951614,"Boston DITP North, MA",39
SAMN55951616,"Boston DITP North, MA",39
SAMN55951618,"Boston DITP North, MA",39
SAMN55951620,"Boston DITP North, MA",39
SAMN55951622,"Boston DITP North, MA",39
SAMN55951624,"Boston DITP North, MA",39
SAMN55951626,"Boston DITP North, MA",39
SAMN55951628,"Boston DITP North, MA",39
SAMN55951630,"Boston DITP North, MA",39
SAMN55951632,"Boston DITP North, MA",39
SAMN55951634,"Boston DITP North, MA",39
SAMN55951636,"Boston DITP North, MA",39
SAMN55951638,"Boston DITP North, MA",39
SAMN55951640,"Boston DITP North, MA",39
SAMN55951642,"Boston DITP North, MA",39
SAMN55951644,"Boston DITP North, MA",39
SAMN55951646,"Boston DITP North, MA",39
SAMN55951648,"Boston DITP North, MA",39
SAMN55951650,"Boston DITP North, MA",39
SAMN55951652,"Boston DITP North, MA",39
SAMN55951654,"Boston DITP North, MA",39
SAMN55951656,"Boston DITP North, MA",39
SAMN55951658,"Boston DITP North, MA",39
SAMN55951661,"Boston DITP North, MA",39
SAMN55951663,"Boston DITP North, MA",39
SAMN55951665,"Boston DITP North, MA",39
SAMN55951667,"Boston DITP North, MA",39
SAMN55951669,"Boston DITP North, MA",39
SAMN55951671,"Boston DITP North, MA",39
SAMN55951673,"Boston DITP North, MA",39
SAMN55951675,"Boston DITP North, MA",39
SAMN55951677,"Boston DITP North, MA",39
SAMN55951678,"Boston DITP North, MA",39
SAMN55951679,"Boston DITP North, MA",39
SAMN55951680,"Boston DITP North, MA",39
SAMN55951681,"Boston DITP North, MA",39
SAMN55951682,"Boston DITP North, MA",39
SAMN55951683,"Boston DITP North, MA",39
SAMN55951684,"Boston DITP North, MA",39
SAMN55951685,"Boston DITP North, MA",39
SAMN55951686,"Boston DITP North, MA",39
SAMN55951687,"Boston DITP North, MA",39
SAMN55951688,"Boston DITP North, MA",39
SAMN55951689,"Boston DITP North, MA",39
SAMN55951690,"Boston DITP North, MA",39
SAMN55951691,"Boston DITP North, MA",39
SAMN55951692,"Boston DITP North, MA",39
SAMN55951693,"Boston DITP North, MA",39
SAMN55951694,"Boston DITP North, MA",39
SAMN55951695,"Boston DITP North, MA",39
SAMN55951696,"Boston DITP North, MA",39
SAMN55951697,"Boston DITP North, MA",39
SAMN55951698,"Boston DITP North, MA",39
SAMN55951699,"Boston DITP North, MA",39
SAMN55951700,"Boston DITP North, MA",39
SAMN55951701,"Boston DITP North, MA",39
SAMN55951702,"Boston DITP North, MA",39
SAMN55951744,"Boston DITP North, MA",39
SAMN55951746,"Boston DITP North, MA",39
SAMN55951750,"Boston DITP North, MA",39
SAMN55951754,"Boston DITP North, MA",39
SAMN47830422,"Boston DITP South, MA",35
SAMN47830427,"Boston DITP South, MA",39
SAMN47830435,"Boston DITP South, MA",39
SAMN47830439,"Boston DITP South, MA",39
SAMN47830449,"Boston DITP South, MA",39
SAMN47830454,"Boston DITP South, MA",39
SAMN47830466,"Boston DITP South, MA",39
SAMN47830472,"Boston DITP South, MA",39
SAMN47830479,"Boston DITP South, MA",39
SAMN47830486,"Boston DITP South, MA",39
SAMN47830498,"Boston DITP South, MA",39
SAMN47830506,"Boston DITP South, MA",39
SAMN47830513,"Boston DITP South, MA",39
SAMN47830521,"Boston DITP South, MA",39
SAMN47830529,"Boston DITP South, MA",39
SAMN47830537,"Boston DITP South, MA",39
SAMN47830544,"Boston DITP South, MA",39
SAMN47830551,"Boston DITP South, MA",39
SAMN47830559,"Boston DITP South, MA",39
SAMN47830566,"Boston DITP South, MA",39
SAMN47830573,"Boston DITP South, MA",39
SAMN47830581,"Boston DITP South, MA",39
SAMN47830589,"Boston DITP South, MA",39
SAMN47830598,"Boston DITP South, MA",39
SAMN47830601,"Boston DITP South, MA",39
SAMN47830604,"Boston DITP South, MA",39
SAMN47830606,"Boston DITP South, MA",39
SAMN55014609,"Boston DITP South, MA",39
SAMN55014610,"Boston DITP South, MA",39
SAMN55014611,"Boston DITP South, MA",39
SAMN55014612,"Boston DITP South, MA",39
SAMN55014613,"Boston DITP South, MA",39
SAMN55014614,"Boston DITP South, MA",39
SAMN55014615,"Boston DITP South, MA",39
SAMN55014616,"Boston DITP South, MA",39
SAMN55014617,"Boston DITP South, MA",39
SAMN55014618,"Boston DITP South, MA",39
SAMN55014619,"Boston DITP South, MA",39
SAMN55014620,"Boston DITP South, MA",39
SAMN55014621,"Boston DITP South, MA",39
SAMN55014622,"Boston DITP South, MA",39
SAMN55014623,"Boston DITP South, MA",39
SAMN55951602,"Boston DITP South, MA",39
SAMN55951605,"Boston DITP South, MA",39
SAMN55951607,"Boston DITP South, MA",39
SAMN55951609,"Boston DITP South, MA",39
SAMN55951611,"Boston DITP South, MA",39
SAMN55951613,"Boston DITP South, MA",39
SAMN55951615,"Boston DITP South, MA",39
SAMN55951617,"Boston DITP South, MA",39
SAMN55951619,"Boston DITP South, MA",39
SAMN55951621,"Boston DITP South, MA",39
SAMN55951623,"Boston DITP South, MA",39
SAMN55951625,"Boston DITP South, MA",39
SAMN55951627,"Boston DITP South, MA",39
SAMN55951629,"Boston DITP South, MA",39
SAMN55951631,"Boston DITP South, MA",39
SAMN55951633,"Boston DITP South, MA",39
SAMN55951635,"Boston DITP South, MA",39
SAMN55951637,"Boston DITP South, MA",39
SAMN55951639,"Boston DITP South, MA",39
SAMN55951641,"Boston DITP South, MA",39
SAMN55951643,"Boston DITP South, MA",39
SAMN55951645,"Boston DITP South, MA",39
SAMN55951647,"Boston DITP South, MA",39
SAMN55951649,"Boston DITP South, MA",39
SAMN55951651,"Boston DITP South, MA",39
SAMN55951653,"Boston DITP South, MA",39
SAMN55951655,"Boston DITP South, MA",39
SAMN55951657,"Boston DITP South, MA",39
SAMN55951659,"Boston DITP South, MA",39
SAMN55951662,"Boston DITP South, MA",39
SAMN55951664,"Boston DITP South, MA",39
SAMN55951666,"Boston DITP South, MA",39
SAMN55951668,"Boston DITP South, MA",39
SAMN55951670,"Boston DITP South, MA",39
SAMN55951672,"Boston DITP South, MA",39
SAMN55951674,"Boston DITP South, MA",39
SAMN55951676,"Boston DITP South, MA",39
SAMN55951703,"Boston DITP South, MA",39
SAMN55951704,"Boston DITP South, MA",39
SAMN55951705,"Boston DITP South, MA",39
SAMN55951706,"Boston DITP South, MA",39
SAMN55951707,"Boston DITP South, MA",39
SAMN55951708,"Boston DITP South, MA",39
SAMN55951709,"Boston DITP South, MA",39
SAMN55951710,"Boston DITP South, MA",39
SAMN55951711,"Boston DITP South, MA",39
SAMN55951712,"Boston DITP South, MA",39
SAMN55951713,"Boston DITP South, MA",39
SAMN55951714,"Boston DITP South, MA",39
SAMN55951715,"Boston DITP South, MA",39
SAMN55951716,"Boston DITP South, MA",39
SAMN55951717,"Boston DITP South, MA",39
SAMN55951718,"Boston DITP South, MA",39
SAMN55951719,"Boston DITP South, MA",39
SAMN55951720,"Boston DITP South, MA",39
SAMN55951721,"Boston DITP South, MA",39
SAMN55951722,"Boston DITP South, MA",39
SAMN55951723,"Boston DITP South, MA",39
SAMN55951724,"Boston DITP South, MA",39
SAMN55951725,"Boston DITP South, MA",39
SAMN55951726,"Boston DITP South, MA",39
SAMN55951727,"Boston DITP South, MA",39
SAMN55951728,"Boston DITP South, MA",39
SAMN55951745,"Boston DITP South, MA",39
SAMN55951748,"Boston DITP South, MA",39
SAMN55951752,"Boston DITP South, MA",39
SAMN55951756,"Boston DITP South, MA",39
SAMN54680412,"Central Oklahoma (OK-A), OK",39
SAMN54680413,"Central Oklahoma (OK-A), OK",39
SAMN54680414,"Central Oklahoma (OK-A), OK",39
SAMN54680415,"Central Oklahoma (OK-A), OK",39
SAMN54680416,"Central Oklahoma (OK-A), OK",39
SAMN54680417,"Central Oklahoma (OK-A), OK",39
SAMN54680418,"Central Oklahoma (OK-A), OK",39
SAMN54680419,"Central Oklahoma (OK-A), OK",39
SAMN54680420,"Central Oklahoma (OK-A), OK",39
SAMN54680421,"Central Oklahoma (OK-A), OK",39
SAMN54680422,"Central Oklahoma (OK-A), OK",39
SAMN54680423,"Central Oklahoma (OK-A), OK",39
SAMN54680424,"Central Oklahoma (OK-A), OK",39
SAMN54680425,"Central Oklahoma (OK-A), OK",39
SAMN54680426,"Central Oklahoma (OK-A), OK",39
SAMN54680427,"Central Oklahoma (OK-A), OK",39
SAMN54680428,"Central Oklahoma (OK-A), OK",39
SAMN55279291,"Central Oklahoma (OK-A), OK",39
SAMN55279292,"Central Oklahoma (OK-A), OK",39
SAMN55279293,"Central Oklahoma (OK-A), OK",39
SAMN54680429,"Central Oklahoma (OK-B), OK",39
SAMN54680430,"Central Oklahoma (OK-B), OK",39
SAMN54680431,"Central Oklahoma (OK-B), OK",39
SAMN54680432,"Central Oklahoma (OK-B), OK",39
SAMN54680433,"Central Oklahoma (OK-B), OK",39
SAMN54680434,"Central Oklahoma (OK-B), OK",39
SAMN54680435,"Central Oklahoma (OK-B), OK",39
SAMN54680436,"Central Oklahoma (OK-B), OK",39
SAMN54680437,"Central Oklahoma (OK-B), OK",39
SAMN54680438,"Central Oklahoma (OK-B), OK",39
SAMN54680439,"Central Oklahoma (OK-B), OK",39
SAMN54680440,"Central Oklahoma (OK-B), OK",39
SAMN54680441,"Central Oklahoma (OK-B), OK",39
SAMN54680442,"Central Oklahoma (OK-B), OK",39
SAMN54680443,"Central Oklahoma (OK-B), OK",39
SAMN54680444,"Central Oklahoma (OK-B), OK",39
SAMN54680445,"Central Oklahoma (OK-B), OK",39
SAMN55279295,"Central Oklahoma (OK-B), OK",39
SAMN55279296,"Central Oklahoma (OK-B), OK",39
SAMN55279297,"Central Oklahoma (OK-B), OK",39
SAMN47830423,"Chicago (CHI-A), IL",39
SAMN47830428,"Chicago (CHI-A), IL",39
SAMN47830432,"Chicago (CHI-A), IL",39
SAMN47830436,"Chicago (CHI-A), IL",39
SAMN47830440,"Chicago (CHI-A), IL",39
SAMN47830444,"Chicago (CHI-A), IL",39
SAMN47830450,"Chicago (CHI-A), IL",39
SAMN47830455,"Chicago (CHI-A), IL",39
SAMN47830461,"Chicago (CHI-A), IL",39
SAMN47830467,"Chicago (CHI-A), IL",39
SAMN47830473,"Chicago (CHI-A), IL",39
SAMN47830480,"Chicago (CHI-A), IL",39
SAMN47830487,"Chicago (CHI-A), IL",39
SAMN47830491,"Chicago (CHI-A), IL",39
SAMN47830499,"Chicago (CHI-A), IL",39
SAMN47830507,"Chicago (CHI-A), IL",39
SAMN47830514,"Chicago (CHI-A), IL",39
SAMN47830522,"Chicago (CHI-A), IL",39
SAMN47830530,"Chicago (CHI-A), IL",39
SAMN47830538,"Chicago (CHI-A), IL",39
SAMN47830545,"Chicago (CHI-A), IL",39
SAMN47830552,"Chicago (CHI-A), IL",39
SAMN47830562,"Chicago (CHI-A), IL",39
SAMN47830567,"Chicago (CHI-A), IL",39
SAMN47830575,"Chicago (CHI-A), IL",39
SAMN47830582,"Chicago (CHI-A), IL",39
SAMN47830591,"Chicago (CHI-A), IL",39
SAMN53134949,"Chicago (CHI-A), IL",39
SAMN53134950,"Chicago (CHI-A), IL",39
SAMN53134951,"Chicago (CHI-A), IL",39
SAMN53134952,"Chicago (CHI-A), IL",39
SAMN53134953,"Chicago (CHI-A), IL",39
SAMN53134954,"Chicago (CHI-A), IL",39
SAMN53134955,"Chicago (CHI-A), IL",39
SAMN53134956,"Chicago (CHI-A), IL",39
SAMN53134957,"Chicago (CHI-A), IL",39
SAMN53134958,"Chicago (CHI-A), IL",39
SAMN53134959,"Chicago (CHI-A), IL",39
SAMN53134960,"Chicago (CHI-A), IL",39
SAMN53134961,"Chicago (CHI-A), IL",39
SAMN53134962,"Chicago (CHI-A), IL",39
SAMN53134963,"Chicago (CHI-A), IL",39
SAMN53134964,"Chicago (CHI-A), IL",39
SAMN53134965,"Chicago (CHI-A), IL",39
SAMN53134966,"Chicago (CHI-A), IL",39
SAMN53134967,"Chicago (CHI-A), IL",39
SAMN53134968,"Chicago (CHI-A), IL",39
SAMN53135031,"Chicago (CHI-A), IL",39
SAMN53135032,"Chicago (CHI-A), IL",39
SAMN53135033,"Chicago (CHI-A), IL",39
SAMN53135034,"Chicago (CHI-A), IL",39
SAMN53135035,"Chicago (CHI-A), IL",39
SAMN53135036,"Chicago (CHI-A), IL",39
SAMN53135037,"Chicago (CHI-A), IL",39
SAMN53135038,"Chicago (CHI-A), IL",39
SAMN53135039,"Chicago (CHI-A), IL",39
SAMN53135040,"Chicago (CHI-A), IL",39
SAMN53135041,"Chicago (CHI-A), IL",39
SAMN53135042,"Chicago (CHI-A), IL",39
SAMN54610778,"Chicago (CHI-A), IL",39
SAMN54610779,"Chicago (CHI-A), IL",39
SAMN54610780,"Chicago (CHI-A), IL",39
SAMN54610781,"Chicago (CHI-A), IL",39
SAMN54610782,"Chicago (CHI-A), IL",39
SAMN54610783,"Chicago (CHI-A), IL",39
SAMN55038709,"Chicago (CHI-A), IL",39
SAMN55038710,"Chicago (CHI-A), IL",39
SAMN55038711,"Chicago (CHI-A), IL",39
SAMN55038712,"Chicago (CHI-A), IL",39
SAMN47830424,"Chicago (CHI-B), IL",39
SAMN47830429,"Chicago (CHI-B), IL",39
SAMN47830445,"Chicago (CHI-B), IL",39
SAMN47830451,"Chicago (CHI-B), IL",39
SAMN47830456,"Chicago (CHI-B), IL",39
SAMN47830462,"Chicago (CHI-B), IL",39
SAMN47830468,"Chicago (CHI-B), IL",39
SAMN47830474,"Chicago (CHI-B), IL",39
SAMN47830481,"Chicago (CHI-B), IL",39
SAMN47830488,"Chicago (CHI-B), IL",39
SAMN47830492,"Chicago (CHI-B), IL",39
SAMN47830500,"Chicago (CHI-B), IL",39
SAMN47830508,"Chicago (CHI-B), IL",39
SAMN47830515,"Chicago (CHI-B), IL",39
SAMN47830523,"Chicago (CHI-B), IL",39
SAMN47830531,"Chicago (CHI-B), IL",39
SAMN47830539,"Chicago (CHI-B), IL",39
SAMN47830546,"Chicago (CHI-B), IL",39
SAMN47830553,"Chicago (CHI-B), IL",39
SAMN47830568,"Chicago (CHI-B), IL",39
SAMN47830576,"Chicago (CHI-B), IL",39
SAMN47830585,"Chicago (CHI-B), IL",39
SAMN47830592,"Chicago (CHI-B), IL",39
SAMN53134969,"Chicago (CHI-B), IL",39
SAMN53134970,"Chicago (CHI-B), IL",39
SAMN53134971,"Chicago (CHI-B), IL",39
SAMN53134972,"Chicago (CHI-B), IL",39
SAMN53134973,"Chicago (CHI-B), IL",39
SAMN53134974,"Chicago (CHI-B), IL",39
SAMN53134975,"Chicago (CHI-B), IL",39
SAMN53134976,"Chicago (CHI-B), IL",39
SAMN53134977,"Chicago (CHI-B), IL",39
SAMN53134978,"Chicago (CHI-B), IL",39
SAMN53134979,"Chicago (CHI-B), IL",39
SAMN53134980,"Chicago (CHI-B), IL",39
SAMN53134981,"Chicago (CHI-B), IL",39
SAMN53134982,"Chicago (CHI-B), IL",39
SAMN53134983,"Chicago (CHI-B), IL",39
SAMN53134984,"Chicago (CHI-B), IL",39
SAMN53134985,"Chicago (CHI-B), IL",39
SAMN53134986,"Chicago (CHI-B), IL",39
SAMN53134987,"Chicago (CHI-B), IL",39
SAMN53134988,"Chicago (CHI-B), IL",39
SAMN53135043,"Chicago (CHI-B), IL",39
SAMN53135044,"Chicago (CHI-B), IL",39
SAMN53135045,"Chicago (CHI-B), IL",39
SAMN53135046,"Chicago (CHI-B), IL",39
SAMN53135047,"Chicago (CHI-B), IL",39
SAMN53135048,"Chicago (CHI-B), IL",39
SAMN53135049,"Chicago (CHI-B), IL",39
SAMN53135050,"Chicago (CHI-B), IL",39
SAMN53135051,"Chicago (CHI-B), IL",39
SAMN53135052,"Chicago (CHI-B), IL",39
SAMN54610784,"Chicago (CHI-B), IL",39
SAMN54610785,"Chicago (CHI-B), IL",39
SAMN54610786,"Chicago (CHI-B), IL",39
SAMN54610787,"Chicago (CHI-B), IL",39
SAMN54610788,"Chicago (CHI-B), IL",39
SAMN54610789,"Chicago (CHI-B), IL",39
SAMN55038714,"Chicago (CHI-B), IL",39
SAMN55038715,"Chicago (CHI-B), IL",39
SAMN55038716,"Chicago (CHI-B), IL",39
SAMN55038717,"Chicago (CHI-B), IL",39
SAMN47830447,"Chicago (CHI-C), IL",39
SAMN47830477,"Chicago (CHI-C), IL",39
SAMN47830484,"Chicago (CHI-C), IL",39
SAMN47830495,"Chicago (CHI-C), IL",39
SAMN47830503,"Chicago (CHI-C), IL",39
SAMN47830519,"Chicago (CHI-C), IL",39
SAMN47830526,"Chicago (CHI-C), IL",39
SAMN47830534,"Chicago (CHI-C), IL",39
SAMN47830554,"Chicago (CHI-C), IL",39
SAMN47830563,"Chicago (CHI-C), IL",39
SAMN47830574,"Chicago (CHI-C), IL",39
SAMN47830586,"Chicago (CHI-C), IL",39
SAMN47830595,"Chicago (CHI-C), IL",39
SAMN53134989,"Chicago (CHI-C), IL",39
SAMN53134990,"Chicago (CHI-C), IL",39
SAMN53134991,"Chicago (CHI-C), IL",39
SAMN53134992,"Chicago (CHI-C), IL",39
SAMN53134993,"Chicago (CHI-C), IL",39
SAMN53134994,"Chicago (CHI-C), IL",39
SAMN53134995,"Chicago (CHI-C), IL",39
SAMN53134996,"Chicago (CHI-C), IL",39
SAMN53134997,"Chicago (CHI-C), IL",40
SAMN53134998,"Chicago (CHI-C), IL",39
SAMN53134999,"Chicago (CHI-C), IL",39
SAMN53135000,"Chicago (CHI-C), IL",39
SAMN53135001,"Chicago (CHI-C), IL",39
SAMN53135002,"Chicago (CHI-C), IL",39
SAMN53135003,"Chicago (CHI-C), IL",39
SAMN53135004,"Chicago (CHI-C), IL",39
SAMN53135005,"Chicago (CHI-C), IL",39
SAMN53135006,"Chicago (CHI-C), IL",39
SAMN53135053,"Chicago (CHI-C), IL",39
SAMN53135054,"Chicago (CHI-C), IL",39
SAMN53135055,"Chicago (CHI-C), IL",39
SAMN53135056,"Chicago (CHI-C), IL",39
SAMN53135057,"Chicago (CHI-C), IL",39
SAMN53135058,"Chicago (CHI-C), IL",39
SAMN53135059,"Chicago (CHI-C), IL",39
SAMN53135060,"Chicago (CHI-C), IL",39
SAMN53135061,"Chicago (CHI-C), IL",39
SAMN53135062,"Chicago (CHI-C), IL",39
SAMN53135063,"Chicago (CHI-C), IL",39
SAMN54610790,"Chicago (CHI-C), IL",39
SAMN54610791,"Chicago (CHI-C), IL",39
SAMN54610792,"Chicago (CHI-C), IL",39
SAMN54610793,"Chicago (CHI-C), IL",39
SAMN54610794,"Chicago (CHI-C), IL",39
SAMN54610795,"Chicago (CHI-C), IL",39
SAMN55038719,"Chicago (CHI-C), IL",39
SAMN55038720,"Chicago (CHI-C), IL",39
SAMN55038721,"Chicago (CHI-C), IL",39
SAMN55038722,"Chicago (CHI-C), IL",39
SAMN47830430,"Chicago (CHI-D1), IL",39
SAMN47830457,"Chicago (CHI-D1), IL",39
SAMN47830463,"Chicago (CHI-D1), IL",39
SAMN47830469,"Chicago (CHI-D1), IL",39
SAMN47830475,"Chicago (CHI-D1), IL",39
SAMN47830482,"Chicago (CHI-D1), IL",39
SAMN47830489,"Chicago (CHI-D1), IL",39
SAMN47830493,"Chicago (CHI-D1), IL",39
SAMN47830501,"Chicago (CHI-D1), IL",39
SAMN47830509,"Chicago (CHI-D1), IL",39
SAMN47830516,"Chicago (CHI-D1), IL",39
SAMN47830524,"Chicago (CHI-D1), IL",39
SAMN47830532,"Chicago (CHI-D1), IL",39
SAMN47830540,"Chicago (CHI-D1), IL",39
SAMN47830547,"Chicago (CHI-D1), IL",39
SAMN47830555,"Chicago (CHI-D1), IL",39
SAMN47830560,"Chicago (CHI-D1), IL",39
SAMN47830569,"Chicago (CHI-D1), IL",39
SAMN47830577,"Chicago (CHI-D1), IL",39
SAMN47830583,"Chicago (CHI-D1), IL",39
SAMN47830593,"Chicago (CHI-D1), IL",39
SAMN53135019,"Chicago (CHI-D1), IL",39
SAMN53135021,"Chicago (CHI-D1), IL",39
SAMN53135023,"Chicago (CHI-D1), IL",39
SAMN53135025,"Chicago (CHI-D1), IL",39
SAMN53135074,"Chicago (CHI-D1), IL",39
SAMN53135076,"Chicago (CHI-D1), IL",39
SAMN54610796,"Chicago (CHI-D1), IL",39
SAMN54610797,"Chicago (CHI-D1), IL",39
SAMN54610798,"Chicago (CHI-D1), IL",39
SAMN54610799,"Chicago (CHI-D1), IL",39
SAMN54610800,"Chicago (CHI-D1), IL",39
SAMN54610801,"Chicago (CHI-D1), IL",39
SAMN55038724,"Chicago (CHI-D1), IL",39
SAMN55038725,"Chicago (CHI-D1), IL",39
SAMN55038726,"Chicago (CHI-D1), IL",39
SAMN55038727,"Chicago (CHI-D1), IL",39
SAMN56287609,"Chicago (CHI-D1), IL",39
SAMN56287610,"Chicago (CHI-D1), IL",39
SAMN56287611,"Chicago (CHI-D1), IL",39
SAMN56287612,"Chicago (CHI-D1), IL",39
SAMN56287613,"Chicago (CHI-D1), IL",39
SAMN56287614,"Chicago (CHI-D1), IL",39
SAMN56287615,"Chicago (CHI-D1), IL",39
SAMN56287616,"Chicago (CHI-D1), IL",39
SAMN56287617,"Chicago (CHI-D1), IL",40
SAMN56287618,"Chicago (CHI-D1), IL",39
SAMN56287619,"Chicago (CHI-D1), IL",39
SAMN56287620,"Chicago (CHI-D1), IL",39
SAMN56287621,"Chicago (CHI-D1), IL",39
SAMN56287622,"Chicago (CHI-D1), IL",39
SAMN56287623,"Chicago (CHI-D1), IL",39
SAMN56287624,"Chicago (CHI-D1), IL",39
SAMN56287625,"Chicago (CHI-D1), IL",39
SAMN56287626,"Chicago (CHI-D1), IL",39
SAMN56287627,"Chicago (CHI-D1), IL",39
SAMN56287628,"Chicago (CHI-D1), IL",39
SAMN56287629,"Chicago (CHI-D1), IL",39
SAMN56287630,"Chicago (CHI-D1), IL",39
SAMN56287631,"Chicago (CHI-D1), IL",39
SAMN56287632,"Chicago (CHI-D1), IL",39
SAMN56287633,"Chicago (CHI-D1), IL",39
SAMN56287634,"Chicago (CHI-D1), IL",39
SAMN47830431,"Chicago (CHI-D2), IL",39
SAMN47830458,"Chicago (CHI-D2), IL",39
SAMN47830464,"Chicago (CHI-D2), IL",39
SAMN47830470,"Chicago (CHI-D2), IL",39
SAMN47830476,"Chicago (CHI-D2), IL",39
SAMN47830483,"Chicago (CHI-D2), IL",39
SAMN47830490,"Chicago (CHI-D2), IL",39
SAMN47830494,"Chicago (CHI-D2), IL",39
SAMN47830502,"Chicago (CHI-D2), IL",39
SAMN47830510,"Chicago (CHI-D2), IL",39
SAMN47830517,"Chicago (CHI-D2), IL",39
SAMN47830525,"Chicago (CHI-D2), IL",39
SAMN47830533,"Chicago (CHI-D2), IL",39
SAMN47830541,"Chicago (CHI-D2), IL",39
SAMN47830548,"Chicago (CHI-D2), IL",39
SAMN47830556,"Chicago (CHI-D2), IL",39
SAMN47830561,"Chicago (CHI-D2), IL",39
SAMN47830570,"Chicago (CHI-D2), IL",39
SAMN47830578,"Chicago (CHI-D2), IL",39
SAMN47830584,"Chicago (CHI-D2), IL",39
SAMN47830594,"Chicago (CHI-D2), IL",39
SAMN53135020,"Chicago (CHI-D2), IL",39
SAMN53135022,"Chicago (CHI-D2), IL",39
SAMN53135024,"Chicago (CHI-D2), IL",39
SAMN53135026,"Chicago (CHI-D2), IL",39
SAMN53135075,"Chicago (CHI-D2), IL",39
SAMN53135077,"Chicago (CHI-D2), IL",39
SAMN54610802,"Chicago (CHI-D2), IL",39
SAMN54610803,"Chicago (CHI-D2), IL",39
SAMN54610804,"Chicago (CHI-D2), IL",39
SAMN54610805,"Chicago (CHI-D2), IL",39
SAMN54610806,"Chicago (CHI-D2), IL",39
SAMN54610807,"Chicago (CHI-D2), IL",39
SAMN55038729,"Chicago (CHI-D2), IL",39
SAMN55038730,"Chicago (CHI-D2), IL",39
SAMN55038731,"Chicago (CHI-D2), IL",39
SAMN55038732,"Chicago (CHI-D2), IL",39
SAMN56287635,"Chicago (CHI-D2), IL",39
SAMN56287636,"Chicago (CHI-D2), IL",39
SAMN56287637,"Chicago (CHI-D2), IL",39
SAMN56287638,"Chicago (CHI-D2), IL",39
SAMN56287639,"Chicago (CHI-D2), IL",39
SAMN56287640,"Chicago (CHI-D2), IL",39
SAMN56287641,"Chicago (CHI-D2), IL",39
SAMN56287642,"Chicago (CHI-D2), IL",39
SAMN56287643,"Chicago (CHI-D2), IL",39
SAMN56287644,"Chicago (CHI-D2), IL",39
SAMN56287645,"Chicago (CHI-D2), IL",39
SAMN56287646,"Chicago (CHI-D2), IL",39
SAMN56287647,"Chicago (CHI-D2), IL",39
SAMN56287648,"Chicago (CHI-D2), IL",39
SAMN56287649,"Chicago (CHI-D2), IL",39
SAMN56287650,"Chicago (CHI-D2), IL",39
SAMN56287651,"Chicago (CHI-D2), IL",39
SAMN56287652,"Chicago (CHI-D2), IL",39
SAMN56287653,"Chicago (CHI-D2), IL",39
SAMN56287654,"Chicago (CHI-D2), IL",39
SAMN56287655,"Chicago (CHI-D2), IL",39
SAMN56287656,"Chicago (CHI-D2), IL",39
SAMN56287657,"Chicago (CHI-D2), IL",39
SAMN56287658,"Chicago (CHI-D2), IL",39
SAMN56287659,"Chicago (CHI-D2), IL",39
SAMN56287660,"Chicago (CHI-D2), IL",39
SAMN47830425,"Chicago (CHI-D3), IL",39
SAMN47830433,"Chicago (CHI-D3), IL",39
SAMN47830437,"Chicago (CHI-D3), IL",39
SAMN47830441,"Chicago (CHI-D3), IL",39
SAMN47830446,"Chicago (CHI-D3), IL",39
SAMN47830452,"Chicago (CHI-D3), IL",39
SAMN52958976,"Columbia WWTP, MO",36
SAMN52958977,"Columbia WWTP, MO",36
SAMN52958978,"Columbia WWTP, MO",35
SAMN52958979,"Columbia WWTP, MO",35
SAMN52958980,"Columbia WWTP, MO",35
SAMN52958981,"Columbia WWTP, MO",35
SAMN52958982,"Columbia WWTP, MO",35
SAMN52958983,"Columbia WWTP, MO",35
SAMN52958984,"Columbia WWTP, MO",35
SAMN52958985,"Columbia WWTP, MO",35
SAMN52958986,"Columbia WWTP, MO",35
SAMN52958987,"Columbia WWTP, MO",35
SAMN52958988,"Columbia WWTP, MO",36
SAMN52958989,"Columbia WWTP, MO",36
SAMN52958990,"Columbia WWTP, MO",36
SAMN52958991,"Columbia WWTP, MO",36
SAMN52958992,"Columbia WWTP, MO",39
SAMN52958993,"Columbia WWTP, MO",39
SAMN52958994,"Columbia WWTP, MO",39
SAMN52958995,"Columbia WWTP, MO",39
SAMN52958996,"Columbia WWTP, MO",39
SAMN52958997,"Columbia WWTP, MO",39
SAMN52958998,"Columbia WWTP, MO",39
SAMN52958999,"Columbia WWTP, MO",39
SAMN52959000,"Columbia WWTP, MO",39
SAMN52959001,"Columbia WWTP, MO",39
SAMN52959002,"Columbia WWTP, MO",39
SAMN52959003,"Columbia WWTP, MO",39
SAMN52959004,"Columbia WWTP, MO",39
SAMN52959005,"Columbia WWTP, MO",39
SAMN52959006,"Columbia WWTP, MO",39
SAMN52959007,"Columbia WWTP, MO",39
SAMN52959008,"Columbia WWTP, MO",39
SAMN52959009,"Columbia WWTP, MO",39
SAMN52959010,"Columbia WWTP, MO",39
SAMN52959011,"Columbia WWTP, MO",39
SAMN52959012,"Columbia WWTP, MO",39
SAMN52959013,"Columbia WWTP, MO",39
SAMN52959014,"Columbia WWTP, MO",39
SAMN52959015,"Columbia WWTP, MO",39
SAMN52959016,"Columbia WWTP, MO",39
SAMN52959017,"Columbia WWTP, MO",39
SAMN52959018,"Columbia WWTP, MO",39
SAMN52959019,"Columbia WWTP, MO",39
SAMN52959020,"Columbia WWTP, MO",39
SAMN52959021,"Columbia WWTP, MO",39
SAMN52959022,"Columbia WWTP, MO",39
SAMN52959023,"Columbia WWTP, MO",39
SAMN52959024,"Columbia WWTP, MO",39
SAMN52959025,"Columbia WWTP, MO",39
SAMN52959026,"Columbia WWTP, MO",39
SAMN52959027,"Columbia WWTP, MO",39
SAMN52959028,"Columbia WWTP, MO",39
SAMN53034969,"Columbia WWTP, MO",39
SAMN53034970,"Columbia WWTP, MO",39
SAMN53034971,"Columbia WWTP, MO",39
SAMN53034972,"Columbia WWTP, MO",39
SAMN53034973,"Columbia WWTP, MO",39
SAMN53034974,"Columbia WWTP, MO",39
SAMN53034975,"Columbia WWTP, MO",39
SAMN53034976,"Columbia WWTP, MO",39
SAMN53034977,"Columbia WWTP, MO",39
SAMN53034978,"Columbia WWTP, MO",39
SAMN53034979,"Columbia WWTP, MO",39
SAMN53034980,"Columbia WWTP, MO",39
SAMN53034981,"Columbia WWTP, MO",39
SAMN53034982,"Columbia WWTP, MO",39
SAMN53034983,"Columbia WWTP, MO",39
SAMN53034984,"Columbia WWTP, MO",39
SAMN53034985,"Columbia WWTP, MO",39
SAMN53034986,"Columbia WWTP, MO",39
SAMN53034987,"Columbia WWTP, MO",39
SAMN53034988,"Columbia WWTP, MO",39
SAMN53034989,"Columbia WWTP, MO",39
SAMN53034990,"Columbia WWTP, MO",39
SAMN53034991,"Columbia WWTP, MO",39
SAMN53034992,"Columbia WWTP, MO",39
SAMN53034993,"Columbia WWTP, MO",39
SAMN55037916,"Columbia WWTP, MO",36
SAMN55037917,"Columbia WWTP, MO",39
SAMN55037918,"Columbia WWTP, MO",39
SAMN55037919,"Columbia WWTP, MO",39
SAMN55037920,"Columbia WWTP, MO",39
SAMN55037922,"Columbia WWTP, MO",39
SAMN55037923,"Columbia WWTP, MO",39
SAMN55037924,"Columbia WWTP, MO",39
SAMN55037925,"Columbia WWTP, MO",39
SAMN55037926,"Columbia WWTP, MO",39
SAMN55037927,"Columbia WWTP, MO",39
SAMN55037928,"Columbia WWTP, MO",39
SAMN55037929,"Columbia WWTP, MO",39
SAMN55037930,"Columbia WWTP, MO",39
SAMN55037931,"Columbia WWTP, MO",39
SAMN55037932,"Columbia WWTP, MO",39
SAMN55037933,"Columbia WWTP, MO",39
SAMN55037934,"Columbia WWTP, MO",39
SAMN55037935,"Columbia WWTP, MO",39
SAMN55037936,"Columbia WWTP, MO",39
SAMN55037937,"Columbia WWTP, MO",39
SAMN55037938,"Columbia WWTP, MO",39
SAMN55037939,"Columbia WWTP, MO",39
SAMN55037940,"Columbia WWTP, MO",39
SAMN55037941,"Columbia WWTP, MO",39
SAMN55039082,"Columbia WWTP, MO",39
SAMN55039083,"Columbia WWTP, MO",39
SAMN55039084,"Columbia WWTP, MO",39
SAMN54949035,"Kansas City Blue River WWTP, MO",39
SAMN54949036,"Kansas City Blue River WWTP, MO",39
SAMN54949037,"Kansas City Blue River WWTP, MO",39
SAMN54949038,"Kansas City Blue River WWTP, MO",39
SAMN54949039,"Kansas City Blue River WWTP, MO",39
SAMN54949040,"Kansas City Blue River WWTP, MO",39
SAMN54949041,"Kansas City Blue River WWTP, MO",39
SAMN54949042,"Kansas City Blue River WWTP, MO",39
SAMN54949043,"Kansas City Blue River WWTP, MO",39
SAMN54949044,"Kansas City Blue River WWTP, MO",39
SAMN54949045,"Kansas City Blue River WWTP, MO",39
SAMN54949046,"Kansas City Blue River WWTP, MO",39
SAMN54949047,"Kansas City Blue River WWTP, MO",39
SAMN54949048,"Kansas City Blue River WWTP, MO",39
SAMN54949049,"Kansas City Blue River WWTP, MO",39
SAMN54949050,"Kansas City Blue River WWTP, MO",39
SAMN54949051,"Kansas City Blue River WWTP, MO",39
SAMN54949052,"Kansas City Blue River WWTP, MO",39
SAMN55279273,"Kansas City Blue River WWTP, MO",39
SAMN55279274,"Kansas City Blue River WWTP, MO",39
SAMN55279275,"Kansas City Blue River WWTP, MO",39
SAMN54949053,"Kansas City Westside WWTP, MO",39
SAMN54949054,"Kansas City Westside WWTP, MO",39
SAMN54949055,"Kansas City Westside WWTP, MO",39
SAMN54949056,"Kansas City Westside WWTP, MO",39
SAMN54949057,"Kansas City Westside WWTP, MO",39
SAMN54949058,"Kansas City Westside WWTP, MO",39
SAMN54949059,"Kansas City Westside WWTP, MO",39
SAMN54949060,"Kansas City Westside WWTP, MO",39
SAMN54949061,"Kansas City Westside WWTP, MO",39
SAMN55279279,"Kansas City Westside WWTP, MO",39
SAMN55279280,"Kansas City Westside WWTP, MO",39
SAMN55279281,"Kansas City Westside WWTP, MO",39
SAMN54911854,"Miami-Dade CDWWTP, FL",39
SAMN54911856,"Miami-Dade CDWWTP, FL",39
SAMN54911857,"Miami-Dade CDWWTP, FL",39
SAMN54911859,"Miami-Dade CDWWTP, FL",39
SAMN54911860,"Miami-Dade CDWWTP, FL",39
SAMN54911861,"Miami-Dade CDWWTP, FL",39
SAMN54911862,"Miami-Dade CDWWTP, FL",39
SAMN54911863,"Miami-Dade CDWWTP, FL",39
SAMN54911864,"Miami-Dade CDWWTP, FL",39
SAMN54911865,"Miami-Dade CDWWTP, FL",39
SAMN54911866,"Miami-Dade CDWWTP, FL",39
SAMN54911867,"Miami-Dade CDWWTP, FL",39
SAMN54911868,"Miami-Dade CDWWTP, FL",39
SAMN54911869,"Miami-Dade CDWWTP, FL",39
SAMN54911870,"Miami-Dade CDWWTP, FL",39
SAMN54911871,"Miami-Dade CDWWTP, FL",39
SAMN54911872,"Miami-Dade CDWWTP, FL",39
SAMN54911873,"Miami-Dade CDWWTP, FL",39
SAMN54911874,"Miami-Dade CDWWTP, FL",39
SAMN54911875,"Miami-Dade CDWWTP, FL",39
SAMN54911876,"Miami-Dade CDWWTP, FL",39
SAMN54911877,"Miami-Dade CDWWTP, FL",39
SAMN54911878,"Miami-Dade CDWWTP, FL",39
SAMN54911879,"Miami-Dade CDWWTP, FL",39
SAMN54911880,"Miami-Dade CDWWTP, FL",39
SAMN54911881,"Miami-Dade CDWWTP, FL",39
SAMN54911882,"Miami-Dade CDWWTP, FL",39
SAMN54911883,"Miami-Dade CDWWTP, FL",39
SAMN54911884,"Miami-Dade CDWWTP, FL",39
SAMN54911885,"Miami-Dade CDWWTP, FL",39
SAMN54911886,"Miami-Dade CDWWTP, FL",39
SAMN54911887,"Miami-Dade CDWWTP, FL",39
SAMN54911888,"Miami-Dade CDWWTP, FL",39
SAMN54911890,"Miami-Dade CDWWTP, FL",39
SAMN54911891,"Miami-Dade CDWWTP, FL",39
SAMN54911892,"Miami-Dade CDWWTP, FL",39
SAMN55279262,"Miami-Dade CDWWTP, FL",39
SAMN55279263,"Miami-Dade CDWWTP, FL",39
SAMN55279264,"Miami-Dade CDWWTP, FL",39
SAMN55951660,"Miami-Dade CDWWTP, FL",39
SAMN53111716,"Milan WWTF, MO",39
SAMN53111717,"Milan WWTF, MO",39
SAMN53111718,"Milan WWTF, MO",39
SAMN53111719,"Milan WWTF, MO",39
SAMN53111720,"Milan WWTF, MO",39
SAMN53111721,"Milan WWTF, MO",39
SAMN53111722,"Milan WWTF, MO",39
SAMN53111723,"Milan WWTF, MO",39
SAMN53111724,"Milan WWTF, MO",39
SAMN53111725,"Milan WWTF, MO",39
SAMN53111726,"Milan WWTF, MO",39
SAMN53111727,"Milan WWTF, MO",39
SAMN53111728,"Milan WWTF, MO",39
SAMN53111729,"Milan WWTF, MO",39
SAMN53111730,"Milan WWTF, MO",39
SAMN53111731,"Milan WWTF, MO",39
SAMN53111732,"Milan WWTF, MO",39
SAMN53111733,"Milan WWTF, MO",39
SAMN53111734,"Milan WWTF, MO",39
SAMN53111735,"Milan WWTF, MO",39
SAMN53111736,"Milan WWTF, MO",39
SAMN54703764,"Milan WWTF, MO",39
SAMN54703765,"Milan WWTF, MO",39
SAMN54703766,"Milan WWTF, MO",39
SAMN54703767,"Milan WWTF, MO",39
SAMN54703768,"Milan WWTF, MO",39
SAMN54703769,"Milan WWTF, MO",39
SAMN54703770,"Milan WWTF, MO",39
SAMN54703771,"Milan WWTF, MO",39
SAMN54703772,"Milan WWTF, MO",39
SAMN55951729,"Milan WWTF, MO",39
SAMN53071625,"Monett WWTP, MO",39
SAMN53071626,"Monett WWTP, MO",39
SAMN53071627,"Monett WWTP, MO",39
SAMN53071628,"Monett WWTP, MO",39
SAMN53071629,"Monett WWTP, MO",39
SAMN53071630,"Monett WWTP, MO",39
SAMN53071631,"Monett WWTP, MO",39
SAMN53071632,"Monett WWTP, MO",39
SAMN53071633,"Monett WWTP, MO",39
SAMN53071634,"Monett WWTP, MO",39
SAMN53071635,"Monett WWTP, MO",39
SAMN53071636,"Monett WWTP, MO",39
SAMN53071637,"Monett WWTP, MO",39
SAMN53071638,"Monett WWTP, MO",39
SAMN53071639,"Monett WWTP, MO",39
SAMN53071640,"Monett WWTP, MO",39
SAMN53071641,"Monett WWTP, MO",39
SAMN53071642,"Monett WWTP, MO",39
SAMN53071643,"Monett WWTP, MO",39
SAMN54703773,"Monett WWTP, MO",39
SAMN54703774,"Monett WWTP, MO",39
SAMN54703775,"Monett WWTP, MO",39
SAMN54703776,"Monett WWTP, MO",39
SAMN54703777,"Monett WWTP, MO",39
SAMN54703778,"Monett WWTP, MO",39
SAMN54703779,"Monett WWTP, MO",39
SAMN54703780,"Monett WWTP, MO",39
SAMN55039085,"Monett WWTP, MO",39
SAMN55039086,"Monett WWTP, MO",39
SAMN54927434,"NYC (Hospital A), NY",39
SAMN54927435,"NYC (Hospital A), NY",39
SAMN54927436,"NYC (Hospital A), NY",39
SAMN54927437,"NYC (Hospital A), NY",39
SAMN54927438,"NYC (Hospital A), NY",39
SAMN54927439,"NYC (Hospital A), NY",39
SAMN55951730,"NYC (Hospital A), NY",39
SAMN55951731,"NYC (Hospital A), NY",39
SAMN55951732,"NYC (Hospital A), NY",39
SAMN55951733,"NYC (Hospital A), NY",39
SAMN54927440,"NYC (Hospital B), NY",39
SAMN54927441,"NYC (Hospital B), NY",39
SAMN54927442,"NYC (Hospital B), NY",39
SAMN54927443,"NYC (Hospital B), NY",39
SAMN54927444,"NYC (Hospital B), NY",39
SAMN54927445,"NYC (Hospital B), NY",40
SAMN54927446,"NYC (Hospital B), NY",39
SAMN54927447,"NYC (Hospital B), NY",39
SAMN54927448,"NYC (Hospital B), NY",39
SAMN54927449,"NYC (Hospital B), NY",39
SAMN54927450,"NYC (Hospital B), NY",39
SAMN54927451,"NYC (Hospital B), NY",39
SAMN54927452,"NYC (Hospital B), NY",39
SAMN54927453,"NYC (Hospital B), NY",39
SAMN54927454,"NYC (Hospital B), NY",39
SAMN54927455,"NYC (Hospital B), NY",39
SAMN54927456,"NYC (Hospital B), NY",39
SAMN54927457,"NYC (Hospital B), NY",39
SAMN54927458,"NYC (Hospital B), NY",39
SAMN55279285,"NYC (Hospital B), NY",39
SAMN55279286,"NYC (Hospital B), NY",39
SAMN55279287,"NYC (Hospital B), NY",39
SAMN55279288,"NYC (Hospital B), NY",39
SAMN54927459,"NYC (Hospital C), NY",39
SAMN54927460,"NYC (Hospital C), NY",39
SAMN54927461,"NYC (Hospital C), NY",39
SAMN54927462,"NYC (Hospital C), NY",39
SAMN55951734,"NYC (Hospital C), NY",39
SAMN55951735,"NYC (Hospital C), NY",39
SAMN55951736,"NYC (Hospital C), NY",39
SAMN55951737,"NYC (Hospital C), NY",39
SAMN54927463,"NYC (Hospital D), NY",39
SAMN54927464,"NYC (Hospital D), NY",39
SAMN54927465,"NYC (Hospital D), NY",39
SAMN54927466,"NYC (Hospital D), NY",39
SAMN54927467,"NYC (Hospital D), NY",39
SAMN54927468,"NYC (Hospital D), NY",39
SAMN54927469,"NYC (Hospital D), NY",39
SAMN54927470,"NYC (Hospital D), NY",39
SAMN54927471,"NYC (Hospital D), NY",39
SAMN54927472,"NYC (Hospital D), NY",39
SAMN55951738,"NYC (Hospital D), NY",39
SAMN55951739,"NYC (Hospital D), NY",39
SAMN55951740,"NYC (Hospital D), NY",39
SAMN55951741,"NYC (Hospital D), NY",39
SAMN55951742,"NYC (Hospital D), NY",39
SAMN55951743,"NYC (Hospital D), NY",39
SAMN54569784,"Ontario, CA",39
SAMN54569785,"Ontario, CA",39
SAMN54569786,"Ontario, CA",39
SAMN54569787,"Ontario, CA",39
SAMN54569788,"Ontario, CA",39
SAMN54569789,"Ontario, CA",39
SAMN54569790,"Ontario, CA",39
SAMN54569791,"Ontario, CA",39
SAMN54569792,"Ontario, CA",39
SAMN54569793,"Ontario, CA",39
SAMN54569794,"Ontario, CA",39
SAMN54569795,"Ontario, CA",39
SAMN54569796,"Ontario, CA",39
SAMN54569797,"Ontario, CA",39
SAMN54569798,"Ontario, CA",39
SAMN54569799,"Ontario, CA",39
SAMN54569800,"Ontario, CA",39
SAMN54569801,"Ontario, CA",39
SAMN54569802,"Ontario, CA",39
SAMN54569803,"Ontario, CA",39
SAMN54569804,"Ontario, CA",39
SAMN54569805,"Ontario, CA",39
SAMN54569806,"Ontario, CA",39
SAMN54569807,"Ontario, CA",39
SAMN54569808,"Ontario, CA",39
SAMN54569809,"Ontario, CA",39
SAMN55297800,"Ontario, CA",39
SAMN55297801,"Ontario, CA",39
SAMN53084823,"Ottumwa WPCF, IA",39
SAMN53084824,"Ottumwa WPCF, IA",39
SAMN53084825,"Ottumwa WPCF, IA",39
SAMN53084826,"Ottumwa WPCF, IA",39
SAMN53084827,"Ottumwa WPCF, IA",39
SAMN53084828,"Ottumwa WPCF, IA",39
SAMN53084829,"Ottumwa WPCF, IA",39
SAMN53084830,"Ottumwa WPCF, IA",39
SAMN53084831,"Ottumwa WPCF, IA",39
SAMN53084832,"Ottumwa WPCF, IA",39
SAMN53084833,"Ottumwa WPCF, IA",39
SAMN53084834,"Ottumwa WPCF, IA",39
SAMN53084835,"Ottumwa WPCF, IA",39
SAMN53084836,"Ottumwa WPCF, IA",39
SAMN53084837,"Ottumwa WPCF, IA",39
SAMN53084838,"Ottumwa WPCF, IA",39
SAMN53084839,"Ottumwa WPCF, IA",39
SAMN53084840,"Ottumwa WPCF, IA",39
SAMN53084841,"Ottumwa WPCF, IA",39
SAMN53084842,"Ottumwa WPCF, IA",39
SAMN53084843,"Ottumwa WPCF, IA",39
SAMN53084844,"Ottumwa WPCF, IA",39
SAMN53084845,"Ottumwa WPCF, IA",39
SAMN53084846,"Ottumwa WPCF, IA",39
SAMN53084847,"Ottumwa WPCF, IA",39
SAMN53084848,"Ottumwa WPCF, IA",39
SAMN53084849,"Ottumwa WPCF, IA",39
SAMN53084850,"Ottumwa WPCF, IA",39
SAMN53084851,"Ottumwa WPCF, IA",39
SAMN53084852,"Ottumwa WPCF, IA",39
SAMN53084853,"Ottumwa WPCF, IA",39
SAMN53084854,"Ottumwa WPCF, IA",39
SAMN53084855,"Ottumwa WPCF, IA",39
SAMN53084856,"Ottumwa WPCF, IA",39
SAMN54703701,"Ottumwa WPCF, IA",39
SAMN54703702,"Ottumwa WPCF, IA",39
SAMN54703703,"Ottumwa WPCF, IA",39
SAMN54703704,"Ottumwa WPCF, IA",39
SAMN54703705,"Ottumwa WPCF, IA",39
SAMN54703706,"Ottumwa WPCF, IA",39
SAMN54703707,"Ottumwa WPCF, IA",39
SAMN54703708,"Ottumwa WPCF, IA",39
SAMN54703709,"Ottumwa WPCF, IA",39
SAMN55039076,"Ottumwa WPCF, IA",39
SAMN55039077,"Ottumwa WPCF, IA",39
SAMN55039078,"Ottumwa WPCF, IA",39
SAMN54959809,"Palo Alto RWQCP, CA",39
SAMN54959810,"Palo Alto RWQCP, CA",39
SAMN54959811,"Palo Alto RWQCP, CA",39
SAMN54959812,"Palo Alto RWQCP, CA",39
SAMN54959813,"Palo Alto RWQCP, CA",39
SAMN54959814,"Palo Alto RWQCP, CA",39
SAMN54959815,"Palo Alto RWQCP, CA",39
SAMN54959816,"Palo Alto RWQCP, CA",39
SAMN54959817,"Palo Alto RWQCP, CA",39
SAMN54959818,"Palo Alto RWQCP, CA",39
SAMN54959819,"Palo Alto RWQCP, CA",39
SAMN54959820,"Palo Alto RWQCP, CA",39
SAMN54959821,"Palo Alto RWQCP, CA",39
SAMN54959822,"Palo Alto RWQCP, CA",39
SAMN54959823,"Palo Alto RWQCP, CA",39
SAMN55279265,"Palo Alto RWQCP, CA",39
SAMN55279266,"Palo Alto RWQCP, CA",39
SAMN55279267,"Palo Alto RWQCP, CA",39
SAMN47830496,"Riverside WQCP, CA",39
SAMN47830504,"Riverside WQCP, CA",39
SAMN47830511,"Riverside WQCP, CA",39
SAMN47830518,"Riverside WQCP, CA",39
SAMN47830527,"Riverside WQCP, CA",39
SAMN47830535,"Riverside WQCP, CA",39
SAMN47830542,"Riverside WQCP, CA",39
SAMN47830549,"Riverside WQCP, CA",39
SAMN47830557,"Riverside WQCP, CA",39
SAMN47830564,"Riverside WQCP, CA",39
SAMN47830571,"Riverside WQCP, CA",39
SAMN47830579,"Riverside WQCP, CA",39
SAMN47830587,"Riverside WQCP, CA",39
SAMN47830590,"Riverside WQCP, CA",39
SAMN47830596,"Riverside WQCP, CA",39
SAMN53059441,"Riverside WQCP, CA",39
SAMN53059442,"Riverside WQCP, CA",39
SAMN53059443,"Riverside WQCP, CA",39
SAMN53059444,"Riverside WQCP, CA",39
SAMN53059445,"Riverside WQCP, CA",39
SAMN53059446,"Riverside WQCP, CA",39
SAMN53059447,"Riverside WQCP, CA",39
SAMN53059448,"Riverside WQCP, CA",39
SAMN53059449,"Riverside WQCP, CA",39
SAMN53059450,"Riverside WQCP, CA",39
SAMN53059451,"Riverside WQCP, CA",39
SAMN53059452,"Riverside WQCP, CA",39
SAMN53059453,"Riverside WQCP, CA",39
SAMN53059454,"Riverside WQCP, CA",39
SAMN53059455,"Riverside WQCP, CA",39
SAMN53059456,"Riverside WQCP, CA",39
SAMN53059457,"Riverside WQCP, CA",39
SAMN53059458,"Riverside WQCP, CA",39
SAMN53059459,"Riverside WQCP, CA",39
SAMN53059460,"Riverside WQCP, CA",39
SAMN53059461,"Riverside WQCP, CA",39
SAMN53059462,"Riverside WQCP, CA",39
SAMN53059463,"Riverside WQCP, CA",39
SAMN53059464,"Riverside WQCP, CA",39
SAMN53059465,"Riverside WQCP, CA",39
SAMN53059466,"Riverside WQCP, CA",39
SAMN53059467,"Riverside WQCP, CA",39
SAMN53059468,"Riverside WQCP, CA",39
SAMN53059469,"Riverside WQCP, CA",39
SAMN53059470,"Riverside WQCP, CA",39
SAMN53059471,"Riverside WQCP, CA",39
SAMN53059472,"Riverside WQCP, CA",39
SAMN53059473,"Riverside WQCP, CA",39
SAMN53059474,"Riverside WQCP, CA",39
SAMN53059475,"Riverside WQCP, CA",39
SAMN53059476,"Riverside WQCP, CA",39
SAMN53059477,"Riverside WQCP, CA",39
SAMN53059478,"Riverside WQCP, CA",39
SAMN53059479,"Riverside WQCP, CA",39
SAMN53059480,"Riverside WQCP, CA",39
SAMN53059481,"Riverside WQCP, CA",39
SAMN53059482,"Riverside WQCP, CA",39
SAMN53059483,"Riverside WQCP, CA",39
SAMN53059484,"Riverside WQCP, CA",39
SAMN53059485,"Riverside WQCP, CA",39
SAMN53059486,"Riverside WQCP, CA",39
SAMN53059487,"Riverside WQCP, CA",39
SAMN53059488,"Riverside WQCP, CA",39
SAMN53059489,"Riverside WQCP, CA",39
SAMN53059490,"Riverside WQCP, CA",39
SAMN53059491,"Riverside WQCP, CA",39
SAMN53059492,"Riverside WQCP, CA",39
SAMN53059493,"Riverside WQCP, CA",39
SAMN53059494,"Riverside WQCP, CA",39
SAMN53059495,"Riverside WQCP, CA",39
SAMN53059496,"Riverside WQCP, CA",39
SAMN53059497,"Riverside WQCP, CA",39
SAMN53059498,"Riverside WQCP, CA",39
SAMN53059499,"Riverside WQCP, CA",39
SAMN54609812,"Riverside WQCP, CA",39
SAMN54609813,"Riverside WQCP, CA",39
SAMN54609814,"Riverside WQCP, CA",39
SAMN54609815,"Riverside WQCP, CA",39
SAMN54609816,"Riverside WQCP, CA",39
SAMN54609817,"Riverside WQCP, CA",39
SAMN54609818,"Riverside WQCP, CA",39
SAMN54609819,"Riverside WQCP, CA",39
SAMN54609820,"Riverside WQCP, CA",39
SAMN54609821,"Riverside WQCP, CA",39
SAMN54609822,"Riverside WQCP, CA",39
SAMN54609823,"Riverside WQCP, CA",39
SAMN54609824,"Riverside WQCP, CA",39
SAMN54609825,"Riverside WQCP, CA",39
SAMN54609826,"Riverside WQCP, CA",39
SAMN54609827,"Riverside WQCP, CA",39
SAMN54609828,"Riverside WQCP, CA",39
SAMN55039069,"Riverside WQCP, CA",39
SAMN55039070,"Riverside WQCP, CA",39
SAMN55039071,"Riverside WQCP, CA",39
SAMN55039072,"Riverside WQCP, CA",39
SAMN55039073,"Riverside WQCP, CA",39
SAMN54592491,"Sacramento, CA",39
SAMN54592492,"Sacramento, CA",39
SAMN54592493,"Sacramento, CA",39
SAMN54592494,"Sacramento, CA",39
SAMN54592495,"Sacramento, CA",39
SAMN54592496,"Sacramento, CA",39
SAMN54592497,"Sacramento, CA",39
SAMN54592498,"Sacramento, CA",39
SAMN54592499,"Sacramento, CA",39
SAMN54592500,"Sacramento, CA",39
SAMN54592501,"Sacramento, CA",39
SAMN54592502,"Sacramento, CA",39
SAMN54592503,"Sacramento, CA",39
SAMN54592504,"Sacramento, CA",39
SAMN54592505,"Sacramento, CA",39
SAMN54592506,"Sacramento, CA",39
SAMN55039074,"Sacramento, CA",39
SAMN55039075,"Sacramento, CA",39
SAMN54705862,"Southern California, CA",39
SAMN54705863,"Southern California, CA",39
SAMN54705864,"Southern California, CA",39
SAMN54705865,"Southern California, CA",39
SAMN54705866,"Southern California, CA",39
SAMN54705867,"Southern California, CA",39
SAMN54705868,"Southern California, CA",39
SAMN54705869,"Southern California, CA",39
SAMN54705870,"Southern California, CA",39
SAMN54705871,"Southern California, CA",39
SAMN54705872,"Southern California, CA",39
SAMN54705873,"Southern California, CA",39
SAMN54705874,"Southern California, CA",39
SAMN54705875,"Southern California, CA",39
SAMN54705876,"Southern California, CA",39
SAMN54705877,"Southern California, CA",39
SAMN54705878,"Southern California, CA",39
SAMN54705879,"Southern California, CA",39
SAMN54705880,"Southern California, CA",39
SAMN54705881,"Southern California, CA",39
SAMN54705882,"Southern California, CA",39
SAMN54705883,"Southern California, CA",39
SAMN54705884,"Southern California, CA",39
SAMN54705885,"Southern California, CA",39
SAMN54705886,"Southern California, CA",39
SAMN54705887,"Southern California, CA",39
SAMN54705888,"Southern California, CA",39
SAMN54705889,"Southern California, CA",39
SAMN54705890,"Southern California, CA",39
SAMN54705891,"Southern California, CA",39
SAMN54705892,"Southern California, CA",39
SAMN54705893,"Southern California, CA",39
SAMN54705894,"Southern California, CA",39
SAMN54705895,"Southern California, CA",39
SAMN54705896,"Southern California, CA",39
SAMN54705897,"Southern California, CA",39
SAMN54705898,"Southern California, CA",39
SAMN54705899,"Southern California, CA",39
SAMN54705900,"Southern California, CA",39
SAMN54705901,"Southern California, CA",39
SAMN54705902,"Southern California, CA",39
SAMN54705903,"Southern California, CA",39
SAMN54705904,"Southern California, CA",39
SAMN54705905,"Southern California, CA",39
SAMN54705906,"Southern California, CA",39
SAMN54705907,"Southern California, CA",39
SAMN54705908,"Southern California, CA",39
SAMN54705909,"Southern California, CA",39
SAMN54705910,"Southern California, CA",39
SAMN54705911,"Southern California, CA",39
SAMN54705912,"Southern California, CA",39
SAMN54705913,"Southern California, CA",39
SAMN54705914,"Southern California, CA",39
SAMN54705915,"Southern California, CA",39
SAMN54705916,"Southern California, CA",39
SAMN54705917,"Southern California, CA",39
SAMN54705918,"Southern California, CA",39
SAMN54705919,"Southern California, CA",39
SAMN54705920,"Southern California, CA",39
SAMN54705921,"Southern California, CA",39
SAMN54705922,"Southern California, CA",39
SAMN54705923,"Southern California, CA",39
SAMN54705924,"Southern California, CA",39
SAMN54705925,"Southern California, CA",39
SAMN54705926,"Southern California, CA",39
SAMN54705927,"Southern California, CA",39
SAMN55039087,"Southern California, CA",39
SAMN55039088,"Southern California, CA",39
SAMN55039089,"Southern California, CA",39
SAMN55039090,"Southern California, CA",39
SAMN55039091,"Southern California, CA",39
SAMN55039092,"Southern California, CA",39
SAMN55039093,"Southern California, CA",39
